id,first_name,last_name,email,gender,movie_genres,State
1,Elfreda,Bartleet,ebartleet0@goodreads.com,Female,Comedy,California
2,Normy,Fassum,nfassum1@nsw.gov.au,Male,Adventure|War,North Carolina
3,Mord,Lammin,mlammin2@t.co,Male,Comedy|Fantasy|Romance,New York
4,Henrietta,Landrieu,hlandrieu3@time.com,Female,Drama,Colorado
5,Anthea,Benoit,abenoit4@netlog.com,Female,Horror,District of Columbia
6,Evie,Brim,ebrim5@state.tx.us,Female,Drama,Alabama
7,Steward,Wrightson,swrightson6@fastcompany.com,Male,Drama|Thriller,Colorado
8,Jorey,Drayton,jdrayton7@diigo.com,Female,Drama,New York
9,Venita,Darrow,vdarrow8@archive.org,Female,Comedy|Horror|Mystery,New York
10,Collen,Simmings,csimmings9@comcast.net,Female,Comedy|Mystery,California
11,Benni,Di Maria,bdimariaa@dropbox.com,Female,Comedy,California
12,Shandie,Verrillo,sverrillob@qq.com,Female,Drama,California
13,Bobbie,Mebs,bmebsc@ucoz.ru,Genderqueer,Drama,New York
14,Juanita,Vispo,jvispod@hp.com,Female,Drama|Romance|Thriller,District of Columbia
15,Marysa,Dealy,mdealye@usa.gov,Female,Action|Comedy|Thriller,New York
16,Wynne,Conford,wconfordf@altervista.org,Female,Documentary,California
17,Pierce,Reuble,preubleg@msu.edu,Male,Adventure|Romance,District of Columbia
18,Kaine,Shimoni,kshimonih@purevolume.com,Male,Comedy,Alabama
19,Danell,McCaughan,dmccaughani@t.co,Female,Drama,California
20,Licha,Pionter,lpionterj@who.int,Female,Horror,Colorado
21,Remington,Kopp,rkoppk@edublogs.org,Male,Comedy|Drama|Romance,North Carolina
22,Richardo,Cleynaert,,Male,Action|Crime|Thriller,New York
23,Orelee,Reckus,oreckusm@disqus.com,Female,Comedy|Romance,Colorado
24,Herc,Calvert,hcalvertn@msu.edu,Male,Adventure|Comedy|Crime,Alabama
25,Alyss,Matisoff,amatisoffo@yellowbook.com,Female,Crime|Mystery,District of Columbia
26,Elwood,Ingrem,eingremp@ameblo.jp,Genderfluid,Comedy|Drama,Alabama
27,Goober,Demschke,gdemschkeq@uiuc.edu,Agender,Comedy|Drama,California
28,Barclay,Spacy,bspacyr@vistaprint.com,Bigender,Comedy|Drama,California
29,Jae,Hyde,jhydes@elegantthemes.com,Male,Drama,District of Columbia
30,Lida,Siley,lsileyt@freewebs.com,Female,Action|Crime|Thriller,New York
31,Casey,Gehrts,cgehrtsu@bravesites.com,Male,Crime|Drama,California
32,Dona,Filippucci,,Female,Documentary,District of Columbia
33,Marj,Eim,meimw@blogs.com,Female,Action|Crime|Drama,New York
34,Germain,Strother,gstrotherx@deviantart.com,Female,Drama,District of Columbia
35,Jasen,Haley,jhaleyy@admin.ch,Male,Comedy|Crime,Delaware
36,Zack,Semmence,zsemmencez@istockphoto.com,Male,Western,California
37,Jenica,Scholar,jscholar10@histats.com,Female,Action|Drama|Fantasy,California
38,Marlin,Chirm,mchirm11@is.gd,Male,Crime|Drama|Film-Noir,California
39,Kerianne,Edmed,kedmed12@hud.gov,Female,Drama,California
40,Morley,Riquet,mriquet13@usatoday.com,Male,Comedy|Drama,New York
41,Horatius,Dwane,hdwane14@flickr.com,Male,Documentary,California
42,Steffen,Fendlow,sfendlow15@soup.io,Male,Drama,Alabama
43,Der,Richley,drichley16@admin.ch,Male,Action|Crime,North Carolina
44,Noelani,Nannini,nnannini17@apple.com,Female,Horror|Sci-Fi,District of Columbia
45,Ammamaria,Waghorne,awaghorne18@about.me,Female,Drama|War,New York
46,Lanny,Rosander,lrosander19@a8.net,Male,Comedy|Romance,District of Columbia
47,Nydia,Heijnen,nheijnen1a@tinypic.com,Female,Adventure|Animation,North Carolina
48,Amie,Kienle,akienle1b@nbcnews.com,Female,Western,California
49,Addia,Chazier,achazier1c@wikipedia.org,Female,Comedy,New York
50,Omero,Eastbrook,oeastbrook1d@skype.com,Polygender,Comedy,California
51,Jelene,Bigglestone,jbigglestone1e@ibm.com,Female,Drama,California
52,Cello,Simonou,csimonou1f@dropbox.com,Male,Comedy|Drama,Colorado
53,Dag,Glanister,dglanister1g@photobucket.com,Male,Documentary,District of Columbia
54,Phillip,Gumbley,pgumbley1h@newyorker.com,Male,Drama,New York
55,Melonie,Cawte,mcawte1i@clickbank.net,Female,Documentary,District of Columbia
56,Igor,Showler,ishowler1j@ameblo.jp,Male,Western,Colorado
57,Pauletta,Allaker,pallaker1k@auda.org.au,Female,Drama|Horror|Thriller,Colorado
58,Jeramey,Gammie,jgammie1l@paypal.com,Male,Adventure,North Carolina
59,Bram,Kumaar,bkumaar1m@fotki.com,Male,Drama,New York
60,Mae,Armatage,marmatage1n@wunderground.com,Female,Comedy|Romance,California
61,Anatol,Tythacott,atythacott1o@instagram.com,Male,Crime|Drama|Thriller,New York
62,Starla,Mutch,smutch1p@last.fm,Female,Comedy,California
63,Stormi,Apfler,sapfler1q@bigcartel.com,Female,Comedy|Fantasy,New York
64,Emmery,Davet,edavet1r@harvard.edu,Male,Documentary,Colorado
65,Caron,Domnick,cdomnick1s@cbc.ca,Female,Comedy|Drama,Colorado
66,Chiarra,Groundwator,cgroundwator1t@a8.net,Female,Crime|Drama,Alabama
67,Edna,Tritten,etritten1u@paypal.com,Agender,Comedy,California
68,Merrielle,Alderwick,malderwick1v@xrea.com,Female,Drama,New York
69,Ennis,MacSporran,emacsporran1w@google.pl,Male,Horror,North Carolina
70,Rozelle,Rossin,rrossin1x@wikipedia.org,Female,Comedy|Crime|Mystery,Alabama
71,Jessey,McGiffie,jmcgiffie1y@blogger.com,Male,Documentary,District of Columbia
72,Karia,Barks,kbarks1z@java.com,Bigender,Comedy|Western,New York
73,Rosemonde,Storrah,rstorrah20@yahoo.co.jp,Female,Drama|War,New York
74,Ethelin,Harniman,eharniman21@oaic.gov.au,Female,Action|Comedy,Connecticut
75,Darwin,Fidell,dfidell22@unicef.org,Genderqueer,Comedy,Alabama
76,Rossy,Grasha,rgrasha23@360.cn,Male,Romance,California
77,Liuka,Elsom,lelsom24@t.co,Polygender,Comedy,Alabama
78,Brooke,Rizzo,brizzo25@cloudflare.com,Male,Comedy|Drama|Romance,Connecticut
79,Sadie,Feron,sferon26@cbc.ca,Female,Adventure|Animation|Children,California
80,Wilbur,Durban,wdurban27@redcross.org,Male,Action|Adventure|Crime|Drama|Western,California
81,Malinde,Cornils,mcornils28@wordpress.com,Female,Action|Adventure|Animation,District of Columbia
82,Tilly,Marsden,tmarsden29@vimeo.com,Female,Action|Drama|War,New York
83,Melesa,Huggett,mhuggett2a@icio.us,Female,Documentary,Alabama
84,Bourke,Danielian,bdanielian2b@nbcnews.com,Male,Adventure|Drama,California
85,Lonnie,Cheverell,lcheverell2c@yahoo.co.jp,Male,Comedy,California
86,Marin,Dionisio,,Female,Action|Sci-Fi,District of Columbia
87,Tommie,Desseine,tdesseine2e@wikispaces.com,Male,Documentary,California
88,Kippar,Stalf,kstalf2f@360.cn,Agender,Adventure|Horror,New York
89,Henrie,Hayton,hhayton2g@xing.com,Female,Drama,California
90,Jason,Siley,jsiley2h@mapquest.com,Male,Comedy|War,California
91,Oren,Sooley,osooley2i@istockphoto.com,Male,Drama|Romance,California
92,Lexy,Akaster,lakaster2j@tripadvisor.com,Female,Documentary|IMAX,Colorado
93,Junia,Hallgate,jhallgate2k@un.org,Female,Drama|Romance,California
94,Kent,Auchterlonie,kauchterlonie2l@ihg.com,Male,Drama|Romance,New York
95,Sullivan,Dimmer,sdimmer2m@typepad.com,Male,Children|Comedy,Connecticut
96,Anatol,Treweela,atreweela2n@eventbrite.com,Male,Musical,District of Columbia
97,Candida,Apfel,capfel2o@phpbb.com,Female,Drama|Romance,California
98,Cayla,Tamburi,ctamburi2p@nature.com,Polygender,Horror|Sci-Fi|Thriller,New York
99,Estelle,Chappelow,echappelow2q@wikispaces.com,Female,Animation|Drama,New York
100,Spike,Chisholm,schisholm2r@dagondesign.com,Male,Adventure|Children|Comedy|Drama,District of Columbia
101,Sherwood,Gavozzi,sgavozzi2s@themeforest.net,Male,Crime|Mystery,New York
102,Ainslie,Agnolo,aagnolo2t@seattletimes.com,Female,Documentary,Connecticut
103,Mata,Tucker,mtucker2u@irs.gov,Male,Documentary,Alabama
104,Lazar,Sneezum,lsneezum2v@alibaba.com,Male,Comedy,California
105,Belia,Norridge,bnorridge2w@ucoz.com,Female,Drama,New York
106,Domingo,Bootherstone,dbootherstone2x@fc2.com,Male,Comedy|Romance,North Carolina
107,Giorgia,Coraini,gcoraini2y@com.com,Female,Drama,New York
108,Myrtice,Haggarth,mhaggarth2z@independent.co.uk,Female,Comedy|War,California
109,Roselia,Dyerson,rdyerson30@t-online.de,Female,Action|Sci-Fi,California
110,Raoul,Pickvance,rpickvance31@cargocollective.com,Male,(no genres listed),District of Columbia
111,Paola,Jaques,pjaques32@walmart.com,Female,Crime|Thriller,Alabama
112,Gianni,Pendry,gpendry33@dropbox.com,Male,Thriller,Alabama
113,Remus,Merrifield,rmerrifield34@ebay.com,Male,Drama|Mystery|Thriller,Alabama
114,Karoly,Francais,kfrancais35@google.ca,Female,Action|Horror|Sci-Fi|Thriller,California
115,Rex,Innis,rinnis36@blogtalkradio.com,Non-binary,Thriller,New York
116,Lanni,Tuckwell,ltuckwell37@indiegogo.com,Female,Drama,California
117,Teddie,Pretley,tpretley38@omniture.com,Male,Horror|Thriller,District of Columbia
118,Esra,Dukesbury,edukesbury39@economist.com,Male,Drama,California
119,Brenna,Waine,bwaine3a@imgur.com,Agender,Action|Adventure|Comedy|Sci-Fi,New York
120,Giselbert,Capstick,gcapstick3b@google.com,Male,Adventure|Children|Musical,New York
121,Trescha,Faires,tfaires3c@alexa.com,Agender,Drama,California
122,Cookie,Whiskin,cwhiskin3d@home.pl,Polygender,Action|Drama|Thriller,Delaware
123,Rozalin,Hinstock,rhinstock3e@bravesites.com,Female,Comedy|Romance,Connecticut
124,Eldon,Lindgren,elindgren3f@networksolutions.com,Male,(no genres listed),California
125,Carr,Georg,cgeorg3g@sfgate.com,Genderfluid,Western,Connecticut
126,Tiebout,Yuranovev,tyuranovev3h@over-blog.com,Male,Action|Comedy|Romance|Western,New York
127,Bartel,Fairclough,bfairclough3i@ox.ac.uk,Male,Adventure|Animation|Children,California
128,Nydia,Buddington,nbuddington3j@washingtonpost.com,Female,Drama,California
129,Darsey,Goolding,dgoolding3k@blogtalkradio.com,Female,Drama|Musical|Romance,California
130,Terrell,Wadie,twadie3l@live.com,Male,Crime|Drama|Mystery|Thriller,California
131,Tremayne,Quinsee,tquinsee3m@mysql.com,Male,Drama|Sci-Fi,California
132,Fannie,Plum,fplum3n@sbwire.com,Female,Comedy,California
133,Jaquenetta,Elrick,jelrick3o@nih.gov,Genderfluid,Comedy|Drama,Connecticut
134,Geno,Askaw,gaskaw3p@goo.gl,Male,Crime|Drama|Film-Noir,New York
135,Gothart,Tomenson,,Male,Crime|Drama|Western,North Carolina
136,Brear,Titchener,btitchener3r@berkeley.edu,Female,Documentary,California
137,Rosalia,Daniellot,rdaniellot3s@deliciousdays.com,Genderfluid,Action|Adventure|Drama,New York
138,Rabi,McConnell,rmcconnell3t@com.com,Male,Drama,Delaware
139,Arnie,Oubridge,aoubridge3u@quantcast.com,Male,Comedy,California
140,Robinet,Kingsly,rkingsly3v@fotki.com,Male,Documentary,New York
141,Rice,Sollon,rsollon3w@fotki.com,Male,Drama|Film-Noir,Alabama
142,Nico,Peascod,npeascod3x@princeton.edu,Male,(no genres listed),California
143,Dill,Hartrick,dhartrick3y@theguardian.com,Bigender,Action|Adventure|Horror|Mystery|Sci-Fi|Thriller,California
144,Carolyn,Boyford,cboyford3z@cnet.com,Genderfluid,Drama,New York
145,Elysee,Husselbee,ehusselbee40@deliciousdays.com,Female,Documentary,District of Columbia
146,Alisun,Hele,ahele41@sbwire.com,Female,Comedy|Romance,California
147,Lesly,Queste,lqueste42@networksolutions.com,Female,Drama,California
148,Andrej,Delap,adelap43@youtube.com,Male,Children|Comedy|Fantasy|Romance,California
149,Kelly,Wormald,kwormald44@jiathis.com,Male,Drama|Romance,Alabama
150,Darrel,Sapshed,dsapshed45@apache.org,Male,Comedy|Drama|Romance,New York
151,Melodie,Kubica,mkubica46@phpbb.com,Female,Horror,New York
152,Abrahan,Aucoate,aaucoate47@utexas.edu,Male,Crime|Mystery|Thriller,New York
153,Jasper,Gentile,jgentile48@google.es,Male,Comedy,Connecticut
154,Lemar,Scothron,lscothron49@webnode.com,Male,Action|Animation|Film-Noir|Sci-Fi|Thriller,Connecticut
155,Gladys,Blakeway,gblakeway4a@msn.com,Female,Drama,Delaware
156,Haleigh,Inglesfield,hinglesfield4b@cloudflare.com,Agender,Action|Adventure|Sci-Fi|Thriller|War,Alabama
157,Margarethe,Teasdale-Markie,mteasdalemarkie4c@technorati.com,Female,Horror|Mystery|Thriller,Colorado
158,Barnebas,Scollard,bscollard4d@exblog.jp,Male,Drama,New York
159,Katlin,Tooker,ktooker4e@addthis.com,Female,Comedy,New York
160,Illa,Kliment,ikliment4f@ucoz.ru,Female,Documentary,New York
161,Geri,Doughtery,gdoughtery4g@house.gov,Male,Horror,Alabama
162,Andie,Hellin,ahellin4h@oaic.gov.au,Female,Action|Crime|Drama,District of Columbia
163,Ambrosio,Bollom,abollom4i@theglobeandmail.com,Male,Action|Drama,District of Columbia
164,Cheston,Hainey,chainey4j@cisco.com,Male,Documentary,North Carolina
165,Jacinda,Ebbrell,jebbrell4k@dot.gov,Female,Drama,Colorado
166,Easter,Lickess,elickess4l@eepurl.com,Female,Adventure|Children|Comedy,California
167,Zechariah,Hadye,zhadye4m@guardian.co.uk,Male,Comedy,North Carolina
168,Keary,Skep,kskep4n@google.com.au,Male,Comedy|Romance,Alabama
169,Saul,Zannotti,szannotti4o@ifeng.com,Male,Drama|Romance,California
170,Miriam,Murrigan,mmurrigan4p@phpbb.com,Female,Adventure,California
171,Derk,Jahan,djahan4q@virginia.edu,Male,Action|Crime|Drama|Thriller,Delaware
172,Randi,Looks,rlooks4r@prweb.com,Female,Adventure|Sci-Fi,Alabama
173,Opalina,Kinneir,okinneir4s@princeton.edu,Female,Action|Adventure|Drama|Romance|War,Delaware
174,Cecil,Ledwich,cledwich4t@chron.com,Male,Drama|War,District of Columbia
175,Jeramey,Worsfield,jworsfield4u@4shared.com,Male,Drama|Romance,Connecticut
176,Michelina,Soitoux,msoitoux4v@usa.gov,Female,Documentary,New York
177,Angela,Grigolon,agrigolon4w@fotki.com,Female,Action|Comedy,New York
178,Bartholomeus,Calbreath,bcalbreath4x@howstuffworks.com,Bigender,Documentary,New York
179,Ayn,Trask,atrask4y@list-manage.com,Female,Comedy|Drama,Arkansas
180,Aguie,Beynkn,abeynkn4z@businessweek.com,Male,Drama,Alabama
181,Aldridge,Drezzer,adrezzer50@webs.com,Male,Comedy,Colorado
182,Aveline,Wibrew,awibrew51@csmonitor.com,Female,Action|Drama,California
183,Hamnet,Bartlosz,hbartlosz52@indiatimes.com,Male,Drama|Romance|Thriller,California
184,Erna,Allcoat,eallcoat53@barnesandnoble.com,Female,Adventure|Animation|Children|Drama|Sci-Fi,California
185,Orin,Murrill,omurrill54@cnn.com,Male,Crime|Drama,California
186,Felizio,Rodolfi,frodolfi55@hubpages.com,Male,Animation|Drama|Fantasy,New York
187,Aeriela,Van Hesteren,avanhesteren56@devhub.com,Female,Drama,Arkansas
188,Robinson,Siviter,rsiviter57@bloomberg.com,Male,Action|Adventure|Thriller,California
189,Dulcinea,De Cristofalo,ddecristofalo58@jimdo.com,Female,Drama|Mystery|Sci-Fi,New York
190,Rickard,Easeman,reaseman59@princeton.edu,Male,Drama|Thriller,North Carolina
191,Wilhelmina,Merrill,wmerrill5a@tinypic.com,Female,Drama,New York
192,Ester,Shurmer,eshurmer5b@guardian.co.uk,Female,Action|Drama,California
193,Mylo,Puttrell,mputtrell5c@vk.com,Male,Adventure|Drama|Sci-Fi,California
194,Demetrius,Daout,ddaout5d@dyndns.org,Male,Drama,California
195,Teodoor,Burren,tburren5e@skyrock.com,Male,Comedy,California
196,Jessamyn,McVicker,jmcvicker5f@sakura.ne.jp,Female,Comedy|Fantasy|Romance,California
197,Alexia,Soall,asoall5g@cbslocal.com,Female,Drama,California
198,Kaycee,Quigley,kquigley5h@mlb.com,Female,Drama,District of Columbia
199,Katina,Meany,kmeany5i@sun.com,Female,Musical|Sci-Fi,District of Columbia
200,Harry,Frediani,hfrediani5j@t-online.de,Male,Drama|Thriller,Alabama
201,Munmro,Stollsteiner,mstollsteiner5k@nhs.uk,Male,Horror|Thriller,North Carolina
202,Trudey,Rees,trees5l@chron.com,Female,Horror|Thriller,North Carolina
203,Lanie,Whimp,lwhimp5m@businessinsider.com,Male,Comedy|Drama,Arkansas
204,Janeczka,Picken,jpicken5n@infoseek.co.jp,Female,Action|Crime|Western,California
205,Morry,Murrum,,Male,Comedy|Drama|Romance,California
206,Tobey,Wrettum,twrettum5p@vimeo.com,Female,Comedy|Drama,Alabama
207,Reg,Dybbe,rdybbe5q@i2i.jp,Male,Comedy|Drama,California
208,Niel,Butler-Bowdon,nbutlerbowdon5r@woothemes.com,Male,Action|Drama,Colorado
209,Carmencita,Wordsworth,cwordsworth5s@wsj.com,Female,Comedy,California
210,Leonhard,Mobberley,lmobberley5t@soup.io,Male,Drama,New York
211,Alejoa,Wren,awren5u@google.co.jp,Male,Action|Comedy|Crime|Thriller,Alabama
212,Annmaria,Rimell,arimell5v@sciencedirect.com,Female,Comedy,California
213,Arleen,Sisland,asisland5w@loc.gov,Female,Drama,California
214,Olivie,Beckey,obeckey5x@mapy.cz,Female,Comedy|Drama,California
215,Lari,Padbury,lpadbury5y@buzzfeed.com,Female,Drama,New York
216,Evelyn,Pykett,epykett5z@51.la,Female,Action|Fantasy|Horror,California
217,August,Franscioni,afranscioni60@apple.com,Male,Comedy|Sci-Fi,California
218,Agosto,Limbourne,alimbourne61@buzzfeed.com,Male,Drama,District of Columbia
219,Pavia,Gheorghescu,pgheorghescu62@bbc.co.uk,Female,Drama,District of Columbia
220,Valentijn,Jobke,vjobke63@webeden.co.uk,Male,Comedy,North Carolina
221,Aurilia,Arne,aarne64@usatoday.com,Female,Drama,North Carolina
222,Guthry,Woodeson,gwoodeson65@prweb.com,Male,Drama,Arkansas
223,Jaime,Elcott,jelcott66@cafepress.com,Male,Drama,New York
224,Paule,Hiddsley,phiddsley67@ezinearticles.com,Female,Drama,California
225,Sabrina,Stook,sstook68@oakley.com,Bigender,Drama,Colorado
226,Frank,Anney,fanney69@hibu.com,Male,Comedy|Drama,California
227,Bearnard,Sunnucks,bsunnucks6a@blog.com,Male,Horror|Musical,California
228,Humberto,Healings,hhealings6b@unc.edu,Bigender,Action|Drama,New York
229,Adolphus,Boniface,aboniface6c@cnet.com,Male,Comedy,District of Columbia
230,Timmi,Coddington,tcoddington6d@msu.edu,Non-binary,Comedy|Drama,Colorado
231,Hesther,Nelhams,hnelhams6e@usatoday.com,Female,Drama|Thriller|War,California
232,Nancy,Rockhall,nrockhall6f@epa.gov,Bigender,Action|Drama|War|IMAX,New York
233,Cristabel,Toy,ctoy6g@unicef.org,Female,Comedy|Fantasy|Musical|Romance,New York
234,Care,Pursey,cpursey6h@mapquest.com,Male,Comedy,District of Columbia
235,Kristyn,Grebert,kgrebert6i@wunderground.com,Agender,Drama,North Carolina
236,Zebedee,Choulerton,zchoulerton6j@dyndns.org,Male,Action|Crime|Thriller,Connecticut
237,Vinson,Perrat,vperrat6k@samsung.com,Male,Crime|Thriller,New York
238,Abbott,Bonallick,abonallick6l@tinyurl.com,Male,(no genres listed),North Carolina
239,Merrill,Ive,mive6m@mozilla.com,Genderqueer,Action,District of Columbia
240,Nani,Dundon,ndundon6n@networksolutions.com,Bigender,Horror|Thriller,North Carolina
241,Ilsa,Janaszewski,ijanaszewski6o@nymag.com,Female,Drama|Romance|War,Alabama
242,Roxanna,Matissoff,rmatissoff6p@sfgate.com,Female,Comedy|Romance,Alabama
243,Stu,Emmott,semmott6q@imdb.com,Male,Drama|Romance|Thriller,California
244,Tedmund,Biasetti,tbiasetti6r@tinypic.com,Male,Comedy,California
245,Dian,Pettis,dpettis6s@mac.com,Female,Comedy|Musical|Romance,California
246,Edwin,Bromet,ebromet6t@yale.edu,Male,Comedy|Drama,California
247,Maurie,Lemerie,mlemerie6u@mozilla.org,Male,Drama|Horror|Mystery|Thriller,California
248,Vinnie,Goulder,vgoulder6v@youtube.com,Male,Animation|Children|Comedy|Musical,California
249,Bridie,Sore,bsore6w@amazon.de,Female,Crime|Drama|Thriller,Connecticut
250,Jarvis,Van Eeden,jvaneeden6x@unesco.org,Male,Mystery,California
251,Etan,Pape,epape6y@csmonitor.com,Male,Drama,New York
252,Daveta,Colbron,dcolbron6z@opera.com,Female,War,North Carolina
253,Faina,Le Maitre,flemaitre70@merriam-webster.com,Female,Adventure|Animation|Children,California
254,Nathalie,Union,nunion71@hao123.com,Female,Comedy|Drama,North Carolina
255,Denys,Sleet,dsleet72@bigcartel.com,Polygender,Comedy|Drama,New York
256,Ancell,Hardwich,ahardwich73@phoca.cz,Male,Horror,Colorado
257,Natala,Redhouse,,Female,Action|Comedy,California
258,Pietro,Damiata,pdamiata75@tumblr.com,Male,Comedy|Romance,North Carolina
259,Jimmie,Tuther,jtuther76@paginegialle.it,Male,Crime|Drama|Thriller,District of Columbia
260,Reinold,Olcot,,Male,Action|Adventure|Thriller|War,California
261,Nichole,Ellul,nellul78@creativecommons.org,Male,Documentary,California
262,Corny,Musico,cmusico79@twitpic.com,Male,Drama|Horror|Thriller,District of Columbia
263,Albie,Russam,arussam7a@si.edu,Male,Adventure|Sci-Fi,District of Columbia
264,Valentijn,Gurner,vgurner7b@example.com,Male,Adventure|Drama,New York
265,Clarance,Arton,,Male,Comedy|Fantasy|Romance,Connecticut
266,Edmund,Olechnowicz,eolechnowicz7d@tmall.com,Male,Comedy|Drama,New York
267,Bron,Whittet,bwhittet7e@myspace.com,Male,Drama,New York
268,Wade,Rihosek,wrihosek7f@prlog.org,Male,Children|Comedy|Drama,Alabama
269,Leoline,Lethibridge,llethibridge7g@stumbleupon.com,Female,Drama|War,New York
270,Erinna,Jeenes,ejeenes7h@artisteer.com,Female,Comedy,North Carolina
271,Velvet,Blenkinship,vblenkinship7i@time.com,Female,Comedy|Crime,New York
272,Xaviera,Pasfield,xpasfield7j@liveinternet.ru,Non-binary,Comedy|Drama,California
273,Devi,Bellerby,dbellerby7k@mayoclinic.com,Female,Documentary,District of Columbia
274,Rozamond,Lampett,rlampett7l@cbsnews.com,Female,Horror|Thriller,District of Columbia
275,Leonid,Meneghi,lmeneghi7m@yellowpages.com,Non-binary,Comedy|Drama,Alabama
276,Krissy,Phillimore,kphillimore7n@blog.com,Female,Comedy|Drama,Connecticut
277,Travus,Andree,tandree7o@vk.com,Male,Drama|Thriller,California
278,Freeland,Mouat,fmouat7p@photobucket.com,Male,Drama,District of Columbia
279,Sheela,Paulucci,spaulucci7q@nydailynews.com,Female,Action|Crime,District of Columbia
280,Eddy,Lengthorn,elengthorn7r@dagondesign.com,Female,Comedy|Musical,New York
281,Ina,Clementet,iclementet7s@newyorker.com,Female,Crime|Drama|Mystery,California
282,Ajay,Lovitt,alovitt7t@oaic.gov.au,Female,Drama|Horror|Thriller,New York
283,Tonie,Cockshut,tcockshut7u@soundcloud.com,Female,Action|Sci-Fi,Connecticut
284,Orion,Growcock,ogrowcock7v@bloglines.com,Male,Comedy|Horror,New York
285,Bertie,Corden,bcorden7w@va.gov,Male,Documentary|Drama,Arkansas
286,Adella,Ives,aives7x@ibm.com,Female,Drama|Romance,Connecticut
287,Andy,Mapston,amapston7y@imageshack.us,Female,Documentary,California
288,Husain,Barnicott,hbarnicott7z@gmpg.org,Male,Crime|Drama|Horror|Thriller,Alabama
289,Etan,McCurt,emccurt80@nasa.gov,Non-binary,Drama|Romance,New York
290,Romeo,Cornier,rcornier81@blogtalkradio.com,Male,Comedy,Colorado
291,Mellisent,Jovovic,mjovovic82@addthis.com,Female,Comedy|Drama,California
292,Skelly,Dooly,sdooly83@mac.com,Male,Comedy|Romance,District of Columbia
293,Gael,Feeham,gfeeham84@drupal.org,Male,Comedy|Fantasy|Romance,North Carolina
294,Renate,Fotherby,rfotherby85@cocolog-nifty.com,Female,Comedy,California
295,Phedra,Pennington,ppennington86@tmall.com,Female,Documentary,California
296,Ariella,Springford,aspringford87@imageshack.us,Female,Drama|Romance,Connecticut
297,Taylor,Briand,tbriand88@yellowpages.com,Male,Action|Crime,California
298,Valentia,Collens,vcollens89@icio.us,Female,Action|Adventure,California
299,Natty,Vasovic,nvasovic8a@barnesandnoble.com,Male,Drama,Colorado
300,Hale,Gosnall,hgosnall8b@gravatar.com,Male,Drama,New York
301,Merla,Radoux,mradoux8c@home.pl,Female,Drama|Horror|Mystery,New York
302,Minni,Demare,mdemare8d@purevolume.com,Female,Comedy|Drama,New York
303,Damara,Decreuze,ddecreuze8e@bandcamp.com,Female,Drama|Romance,District of Columbia
304,Elberta,Rowett,erowett8f@columbia.edu,Female,Documentary|IMAX,California
305,Lida,Clissell,lclissell8g@ucla.edu,Non-binary,Comedy|Horror,California
306,Tori,Vigurs,tvigurs8h@altervista.org,Female,Documentary,Colorado
307,Consuelo,Dummigan,cdummigan8i@myspace.com,Female,Crime|Drama|Mystery|Thriller,District of Columbia
308,Sharity,Tander,stander8j@deviantart.com,Female,Drama|Mystery|Thriller,California
309,Kristyn,Durrant,kdurrant8k@noaa.gov,Polygender,Documentary,New York
310,Farah,Ast,fast8l@weebly.com,Female,Action|Horror|Sci-Fi,California
311,Caryl,Sheeran,csheeran8m@prweb.com,Male,Drama,New York
312,Ronalda,Wiggin,rwiggin8n@huffingtonpost.com,Female,Documentary,California
313,Kane,Manueau,kmanueau8o@msu.edu,Male,Animation|Children|Fantasy|Mystery,North Carolina
314,Worthington,Behrens,wbehrens8p@amazon.co.jp,Male,Comedy|Drama,Colorado
315,Murvyn,Dearden,mdearden8q@accuweather.com,Male,Comedy|Drama,New York
316,Izaak,McKeag,imckeag8r@eventbrite.com,Male,Documentary,Delaware
317,Darwin,Miskelly,dmiskelly8s@squidoo.com,Male,Action|Comedy|Horror,New York
318,Ardyth,Ciottoi,aciottoi8t@printfriendly.com,Polygender,Documentary,Connecticut
319,Russ,Boyse,rboyse8u@vk.com,Male,Comedy,California
320,Carver,Ramirez,cramirez8v@a8.net,Male,Drama|Sci-Fi|Thriller,California
321,Rory,Rowcastle,rrowcastle8w@cpanel.net,Male,Action|Crime|Thriller,Colorado
322,Grange,Gallo,ggallo8x@google.ca,Male,Comedy|Romance,California
323,Warde,Dalman,wdalman8y@accuweather.com,Male,Adventure|Drama|Fantasy,New York
324,Ferne,Iacovazzi,fiacovazzi8z@amazon.de,Non-binary,Action|Sci-Fi,California
325,Mose,Munnery,mmunnery90@businesswire.com,Male,Documentary,District of Columbia
326,Elinore,Durbann,,Non-binary,Drama,North Carolina
327,Clement,Eastes,ceastes92@toplist.cz,Non-binary,Comedy|Romance,New York
328,Cullin,Kermannes,,Male,Action|Comedy|Horror|Romance|Sci-Fi,California
329,Elissa,Paroni,eparoni94@samsung.com,Female,Horror|Thriller,California
330,Cly,Rizzetti,crizzetti95@businesswire.com,Genderqueer,Mystery|Thriller,New York
331,Filberto,Jessope,fjessope96@globo.com,Male,Adventure|Sci-Fi,California
332,Danice,Battista,dbattista97@webmd.com,Female,Comedy|Musical,California
333,Anthony,McLucas,amclucas98@t-online.de,Male,Adventure|Sci-Fi,California
334,Mehetabel,Gavriel,mgavriel99@spiegel.de,Female,Children|Documentary,California
335,Kristian,Loeber,kloeber9a@ifeng.com,Male,Drama|War,California
336,Cristionna,Battany,cbattany9b@bigcartel.com,Female,Comedy,New York
337,Sanderson,Golightly,sgolightly9c@tmall.com,Male,Drama|Mystery,California
338,Heindrick,Vanyukhin,hvanyukhin9d@addthis.com,Genderfluid,Comedy|Musical|Romance,California
339,Michale,Vinson,mvinson9e@vimeo.com,Male,(no genres listed),California
340,Camey,Gatherer,cgatherer9f@jugem.jp,Male,Adventure|Drama|Western,New York
341,Olin,Phillipp,ophillipp9g@cnn.com,Polygender,Action|Adventure|Drama,California
342,Zachery,McCarter,zmccarter9h@twitpic.com,Male,Drama,California
343,Hersh,Fawdrie,hfawdrie9i@de.vu,Male,Crime|Drama|Film-Noir,California
344,Quillan,Baud,qbaud9j@fda.gov,Male,Drama,California
345,Joni,Storah,jstorah9k@tripod.com,Female,Comedy|Romance,California
346,Kippie,Laterza,klaterza9l@fc2.com,Polygender,(no genres listed),District of Columbia
347,Clint,Stammer,cstammer9m@nifty.com,Male,Comedy|Musical|Romance,Colorado
348,Crin,Battye,cbattye9n@guardian.co.uk,Female,Comedy,North Carolina
349,Ky,Pioli,kpioli9o@pcworld.com,Male,Drama,North Carolina
350,Fernando,Feek,,Male,Comedy|Drama,District of Columbia
351,Free,Jiroudek,fjiroudek9q@dailymail.co.uk,Male,Action|Comedy|Crime|Romance,California
352,Hazel,Olesen,holesen9r@mozilla.org,Male,Drama,California
353,Cordy,Cregin,ccregin9s@census.gov,Female,Animation|Children|Musical,California
354,Cristal,Wildes,,Female,Horror|Thriller,California
355,Levy,Madgett,lmadgett9u@usatoday.com,Male,Documentary,North Carolina
356,Silvan,Frogley,sfrogley9v@virginia.edu,Male,Drama,North Carolina
357,Gabriel,Jessen,gjessen9w@theglobeandmail.com,Female,Drama,District of Columbia
358,Thorny,Offen,toffen9x@netscape.com,Male,Comedy|Drama|Romance,California
359,Harper,Adamczewski,hadamczewski9y@aboutads.info,Male,Comedy|Western,North Carolina
360,Sada,Brech,sbrech9z@shinystat.com,Female,Drama,California
361,Bertram,Longridge,blongridgea0@paypal.com,Male,Comedy,Arkansas
362,Ellene,Sincock,esincocka1@linkedin.com,Female,Documentary,California
363,Murdock,Pardoe,mpardoea2@sina.com.cn,Male,Comedy|Romance,New York
364,Maddie,Hazleton,mhazletona3@uiuc.edu,Non-binary,Drama,District of Columbia
365,Raimundo,Desseine,rdesseinea4@typepad.com,Genderfluid,Documentary,New York
366,Lemmie,Breslane,lbreslanea5@mapy.cz,Male,Comedy|Romance,New York
367,Anestassia,Pautot,apautota6@alibaba.com,Female,Comedy,New York
368,Terrye,Sharrem,tsharrema7@google.co.uk,Female,Drama,California
369,Cathi,Sparshutt,csparshutta8@cisco.com,Female,Drama,New York
370,Alfred,Grieveson,agrievesona9@behance.net,Male,Action|Crime|Thriller,New York
371,Iorgos,Trewin,itrewinaa@slate.com,Male,Drama|Romance,California
372,Obadias,Grabbam,ograbbamab@dmoz.org,Genderfluid,Comedy|Crime|Romance,New York
373,Tamar,Cawsey,tcawseyac@ed.gov,Female,Drama|Romance,California
374,Callean,Wilce,cwilcead@msn.com,Male,Drama,Alabama
375,Ezechiel,Underhill,eunderhillae@mysql.com,Genderfluid,Adventure|Drama|Sci-Fi,Delaware
376,Elden,Wildman,ewildmanaf@netscape.com,Male,Drama,Alabama
377,Damara,Cakes,dcakesag@deviantart.com,Female,Documentary,Alabama
378,Hans,Holburn,hholburnah@nationalgeographic.com,Male,Drama,California
379,Kingston,Garvie,kgarvieai@sphinn.com,Male,Comedy,California
380,Micah,Fonzone,mfonzoneaj@kickstarter.com,Male,Crime|Drama,California
381,Rob,Claussen,rclaussenak@cafepress.com,Male,Drama,District of Columbia
382,Giulio,Mancktelow,gmancktelowal@dropbox.com,Male,Thriller,New York
383,Lloyd,Clashe,lclasheam@hao123.com,Male,Horror,California
384,Zolly,Bouch,zbouchan@xing.com,Male,Comedy|Drama,District of Columbia
385,Hallsy,Eskrigg,heskriggao@archive.org,Male,Drama,Alabama
386,Mimi,Briat,mbriatap@lulu.com,Female,Horror|Sci-Fi,North Carolina
387,Bealle,Brent,bbrentaq@xinhuanet.com,Male,Horror|Sci-Fi,California
388,Nathanial,Fyldes,nfyldesar@nih.gov,Male,Action|War,California
389,Eden,Pursglove,epursgloveas@theglobeandmail.com,Female,Drama,District of Columbia
390,Giffie,Juden,gjudenat@sphinn.com,Male,Drama,California
391,Hedwiga,Fairhead,hfairheadau@nifty.com,Female,Comedy|Drama|Romance,Colorado
392,Gardener,Burrow,gburrowav@reference.com,Male,Comedy,New York
393,Adrienne,Ties,atiesaw@mail.ru,Female,Comedy|Drama|Romance,New York
394,Arabel,Ughetti,aughettiax@fema.gov,Female,Drama,Colorado
395,Ina,Penhearow,ipenhearoway@godaddy.com,Female,Comedy|Drama|Romance,California
396,Mattheus,Patifield,mpatifieldaz@rakuten.co.jp,Genderfluid,Drama,District of Columbia
397,Nico,Lucien,nlucienb0@un.org,Male,Comedy|Drama|Thriller,New York
398,Marie-ann,Goldsworthy,mgoldsworthyb1@acquirethisname.com,Female,Comedy,District of Columbia
399,Branden,Stoffersen,bstoffersenb2@wikispaces.com,Male,Adventure|Comedy|Romance,District of Columbia
400,Dalton,Kleuer,dkleuerb3@si.edu,Male,Documentary|Drama|Musical,Colorado
401,Boycey,Pakes,bpakesb4@addtoany.com,Male,Comedy|Drama,North Carolina
402,Ruthie,Cranton,rcrantonb5@hugedomains.com,Female,Drama,California
403,Darius,Maillard,dmaillardb6@pen.io,Male,Comedy|Crime|Drama,District of Columbia
404,Shep,Golborn,sgolbornb7@lycos.com,Male,Drama|War,California
405,Drew,Harsent,dharsentb8@cdc.gov,Male,Crime|Drama|Horror,New York
406,Charles,Warham,cwarhamb9@google.cn,Genderqueer,Drama,California
407,Zollie,Beharrell,zbeharrellba@i2i.jp,Male,Comedy|Drama,California
408,Scotti,Suffield,ssuffieldbb@wired.com,Male,Drama,Alabama
409,Sheryl,Rabbage,srabbagebc@sitemeter.com,Female,Comedy,District of Columbia
410,Karia,Gagen,kgagenbd@omniture.com,Genderfluid,Comedy,Alabama
411,Livvy,Thorndale,lthorndalebe@github.io,Female,Documentary,Alabama
412,Khalil,Salvidge,ksalvidgebf@altervista.org,Male,Drama,California
413,Genna,Begbie,gbegbiebg@zimbio.com,Female,Drama,California
414,Arielle,Waddington,awaddingtonbh@google.de,Female,Drama,California
415,Abe,Jowett,ajowettbi@amazon.de,Male,Comedy|Drama|Romance,New York
416,Kari,Cundy,kcundybj@gmpg.org,Female,Action|Adventure|Animation|Children|Comedy|Fantasy,District of Columbia
417,Timmy,Thunders,tthundersbk@wix.com,Female,Horror|Sci-Fi,California
418,Tan,Stammer,tstammerbl@ibm.com,Male,Comedy,Connecticut
419,Adamo,Heathfield,aheathfieldbm@google.com,Male,Sci-Fi,California
420,Aindrea,Swarbrick,aswarbrickbn@huffingtonpost.com,Female,Comedy|Musical,Connecticut
421,Lee,Stannard,lstannardbo@wordpress.com,Female,Drama,California
422,Ev,Lansly,elanslybp@state.gov,Agender,Drama,California
423,Prudy,Castana,pcastanabq@1und1.de,Female,Drama|Sci-Fi,California
424,Caz,Guyonnet,cguyonnetbr@senate.gov,Male,Adventure|Crime|Drama,Connecticut
425,Almeda,Driver,adriverbs@wix.com,Female,Drama,New York
426,Waly,Doble,wdoblebt@discuz.net,Female,Drama,New York
427,Simona,Halson,shalsonbu@gravatar.com,Female,Comedy,Colorado
428,Antonius,Aleksidze,aaleksidzebv@toplist.cz,Male,Horror|Mystery|Thriller,Alabama
429,Phylys,Dovidaitis,pdovidaitisbw@instagram.com,Female,Drama,California
430,Marcelia,Dunkirk,mdunkirkbx@github.com,Female,Comedy|Fantasy,California
431,Pip,Bath,pbathby@ucla.edu,Male,Drama,California
432,Adelaide,McGrane,amcgranebz@g.co,Female,Documentary,New York
433,Amitie,McGann,amcgannc0@acquirethisname.com,Female,Drama,California
434,Manon,Heugh,mheughc1@tamu.edu,Female,Drama|Film-Noir,California
435,Hermione,Emerton,hemertonc2@spotify.com,Female,Action|Adventure|Sci-Fi|Thriller,Connecticut
436,Maggie,Batterson,mbattersonc3@mlb.com,Female,Comedy,District of Columbia
437,Claudio,De Winton,cdewintonc4@cdbaby.com,Male,Adventure|Animation|Children|Comedy,Arkansas
438,Katheryn,Hacket,khacketc5@ucla.edu,Female,Action|Animation|Horror,Alabama
439,Neal,Fidell,nfidellc6@whitehouse.gov,Male,Documentary,New York
440,Brucie,Franceschelli,bfranceschellic7@google.ca,Male,Drama,New York
441,Faina,Daine,fdainec8@tumblr.com,Genderfluid,Drama,California
442,Celestyn,Cord,ccordc9@surveymonkey.com,Female,Horror|Sci-Fi,New York
443,Byrom,Mettrick,bmettrickca@technorati.com,Male,Musical,California
444,Eleni,Gabbett,egabbettcb@addthis.com,Female,Drama,Connecticut
445,Freddy,Goodbairn,fgoodbairncc@163.com,Non-binary,Action|Comedy|Romance,California
446,Norry,Alti,nalticd@nifty.com,Polygender,Action|Adventure|Thriller,District of Columbia
447,Idette,MacCawley,imaccawleyce@noaa.gov,Female,Crime|Drama|Mystery,Colorado
448,Jae,Phelp,jphelpcf@1und1.de,Male,Drama|Romance,California
449,Adelheid,Dorricott,adorricottcg@dedecms.com,Female,Action|Adventure|Sci-Fi|IMAX,New York
450,Kenton,McCurley,kmccurleych@e-recht24.de,Male,Comedy,Colorado
451,Pet,Formilli,pformillici@tinyurl.com,Female,(no genres listed),California
452,Quentin,Harrison,qharrisoncj@huffingtonpost.com,Male,Animation,District of Columbia
453,Huntlee,Kleiser,hkleiserck@tiny.cc,Male,Drama,District of Columbia
454,Rasla,Vinnick,rvinnickcl@cnbc.com,Female,Drama,California
455,Fara,Innwood,finnwoodcm@ucoz.ru,Female,Drama,New York
456,Sonya,Harp,sharpcn@businessweek.com,Female,Drama|Romance,California
457,Addy,Hedney,ahedneyco@fotki.com,Male,Documentary|Sci-Fi,California
458,Maddalena,Annon,,Female,Thriller,California
459,Pavel,Windas,pwindascq@arizona.edu,Male,Drama,North Carolina
460,Shawnee,Nelle,snellecr@4shared.com,Female,Action|Crime|Drama,California
461,Izaak,Bucklee,ibuckleecs@un.org,Male,Action|Drama|Romance|War,New York
462,Whit,Lorenzetti,wlorenzettict@goodreads.com,Male,Drama|Romance,California
463,Louise,Nestoruk,lnestorukcu@usa.gov,Female,Drama|Film-Noir|Thriller,Alabama
464,Rodolph,Cowans,rcowanscv@sakura.ne.jp,Male,Horror|Sci-Fi,California
465,Abran,Foulsham,afoulshamcw@pcworld.com,Male,Drama|Romance,New York
466,Neal,Linzey,nlinzeycx@prnewswire.com,Bigender,Adventure|Drama,California
467,Lotta,Mold,lmoldcy@mashable.com,Female,Comedy,California
468,Mill,Mattsson,mmattssoncz@google.com.au,Male,Comedy,District of Columbia
469,Dori,Raphael,draphaeld0@virginia.edu,Female,Adventure|Animation|Fantasy|Romance,Colorado
470,Weston,McLagan,wmclagand1@discovery.com,Male,Drama,New York
471,Tine,Feld,tfeldd2@yale.edu,Female,Comedy|Romance,Colorado
472,Lorant,Raiment,lraimentd3@github.io,Male,Comedy|Musical,California
473,Tamiko,Friel,tfrield4@ow.ly,Female,Drama|Romance,California
474,Kessia,MacGillreich,kmacgillreichd5@webnode.com,Female,Horror|Thriller,California
475,Garnette,Hymans,ghymansd6@twitpic.com,Female,Comedy,Colorado
476,Vanny,Morewood,vmorewoodd7@ameblo.jp,Female,Comedy|Documentary,Alabama
477,Kirstin,Yanele,kyaneled8@google.com.hk,Female,Thriller,Colorado
478,Caroljean,Hartmann,chartmannd9@yahoo.com,Female,Documentary,North Carolina
479,Cherin,Perroni,cperronida@skyrock.com,Female,Documentary|Drama,Colorado
480,Findley,Clyant,fclyantdb@techcrunch.com,Male,Comedy|Horror,New York
481,Raymond,Benedito,rbeneditodc@hugedomains.com,Male,Documentary,California
482,Rudy,Ravenshaw,rravenshawdd@answers.com,Male,Comedy|Fantasy,California
483,Michal,Coate,mcoatede@twitpic.com,Male,Action|Crime|Drama,Colorado
484,Cad,Teresse,cteressedf@blogspot.com,Male,Drama,New York
485,Vernon,Ozintsev,vozintsevdg@who.int,Male,Comedy|Drama|Mystery,Colorado
486,Marcelle,Oxby,moxbydh@joomla.org,Female,(no genres listed),California
487,Selina,Laytham,slaythamdi@ocn.ne.jp,Agender,Comedy,District of Columbia
488,Judye,Dorling,jdorlingdj@nyu.edu,Female,Drama,California
489,Hunt,Skough,hskoughdk@ning.com,Male,Drama|Mystery,California
490,Wyatan,MacNamee,wmacnameedl@yahoo.co.jp,Male,Thriller,California
491,Pollyanna,Arnout,parnoutdm@flavors.me,Female,Drama,California
492,Colin,FitzGibbon,cfitzgibbondn@hp.com,Male,Drama,New York
493,Oswell,Bielfeldt,obielfeldtdo@friendfeed.com,Male,Drama|Thriller,Alabama
494,Marianne,Kalewe,mkalewedp@parallels.com,Female,Adventure|Animation|Fantasy|Romance,Connecticut
495,Franzen,Halwill,fhalwilldq@1688.com,Male,Crime|Drama|Thriller,Connecticut
496,Odelle,Tiuit,otiuitdr@spotify.com,Female,Children|Comedy|Fantasy|Horror,District of Columbia
497,Cobby,Kedge,ckedgeds@oaic.gov.au,Male,Mystery|Western,New York
498,Waring,Boon,wboondt@globo.com,Genderqueer,Comedy|Drama|Romance,California
499,Somerset,Gillingwater,sgillingwaterdu@forbes.com,Male,Action|Adventure|Animation|Children|Comedy|Sci-Fi,District of Columbia
500,Christophorus,Felkin,cfelkindv@drupal.org,Male,Comedy|Musical|Romance,Delaware
501,Tammy,Arents,tarentsdw@people.com.cn,Female,Documentary,California
502,William,Bladge,wbladgedx@miibeian.gov.cn,Male,Comedy|Drama|Romance,New York
503,Indira,MacHarg,imachargdy@devhub.com,Female,Crime|Drama|Thriller,North Carolina
504,Stephana,Joslow,sjoslowdz@arizona.edu,Female,Drama,District of Columbia
505,Patrizius,Quant,pquante0@over-blog.com,Male,Comedy,New York
506,Baudoin,Flower,bflowere1@mysql.com,Male,Documentary,California
507,Rachel,Golagley,,Female,Action|Adventure|Children|Comedy|Fantasy,District of Columbia
508,Melessa,Purrington,mpurringtone3@desdev.cn,Female,Action|Adventure|Drama,Delaware
509,Adora,Spatarul,aspatarule4@nsw.gov.au,Female,Drama|Romance,California
510,Stephan,Stephenson,sstephensone5@alibaba.com,Male,Horror,New York
511,Perrine,Jiruca,pjirucae6@diigo.com,Female,Documentary,Arkansas
512,Sue,Fitzer,sfitzere7@php.net,Genderfluid,Adventure|Drama|Sci-Fi,District of Columbia
513,Colan,Ovey,,Male,Horror|Mystery|Thriller,California
514,Chen,Root,croote9@bloomberg.com,Male,Drama|War,New York
515,Lilias,Moorhead,lmoorheadea@webnode.com,Female,Comedy|Crime,Connecticut
516,Margareta,Haggus,mhagguseb@nifty.com,Female,Drama,Colorado
517,Laney,Charville,lcharvilleec@blogtalkradio.com,Male,Comedy|Drama,Alabama
518,Milt,Larmet,mlarmeted@geocities.com,Male,Comedy|Crime|Drama,New York
519,Janelle,McCritchie,jmccritchieee@creativecommons.org,Agender,Action|Comedy|Crime|Fantasy,California
520,Lawrence,Alvin,lalvinef@scientificamerican.com,Male,Comedy,California
521,Jarad,Brockhurst,jbrockhursteg@psu.edu,Male,Documentary|Musical,North Carolina
522,Hamlin,Ellicock,hellicockeh@parallels.com,Male,Documentary,California
523,Aida,Imloch,aimlochei@pbs.org,Female,Horror,California
524,Elvis,Colloff,ecolloffej@issuu.com,Male,Adventure|Comedy|Horror,California
525,Mitchael,Slessor,mslessorek@opensource.org,Male,Drama,District of Columbia
526,Pippy,Foyster,pfoysterel@adobe.com,Female,Crime|Drama,California
527,Georgi,Ovid,govidem@ftc.gov,Male,Action|Adventure|Thriller,California
528,Lauree,Skells,lskellsen@aboutads.info,Female,Documentary,California
529,Deva,Pepineaux,dpepineauxeo@imgur.com,Agender,Comedy|Horror,California
530,Erik,Mafham,emafhamep@webeden.co.uk,Male,Documentary,California
531,Wye,La Grange,wlagrangeeq@princeton.edu,Male,Film-Noir|Thriller,Colorado
532,Suzy,Tripe,stripeer@ihg.com,Female,Comedy|War,North Carolina
533,See,Gerbi,sgerbies@nationalgeographic.com,Male,Crime|Drama,North Carolina
534,Cort,Abbatt,cabbattet@t.co,Male,Comedy|Horror,Alabama
535,Bernardo,Hofler,bhoflereu@ameblo.jp,Male,Drama,District of Columbia
536,Konstantine,Mattersley,kmattersleyev@issuu.com,Genderfluid,Comedy|Drama|Mystery|Romance,California
537,Olag,MacKimmie,omackimmieew@dailymail.co.uk,Male,Comedy|Drama|Romance,Colorado
538,Fidela,Dargan,fdarganex@behance.net,Female,Drama,California
539,Farrah,Hannay,fhannayey@topsy.com,Female,Comedy|Drama,California
540,Chevy,Lappine,clappineez@weather.com,Male,Drama,New York
541,Ingaberg,Kirsz,ikirszf0@chicagotribune.com,Female,Adventure|Comedy|Documentary|Fantasy,California
542,Ruthann,Corwin,rcorwinf1@sina.com.cn,Female,Thriller,New York
543,Stanislaw,Coldridge,scoldridgef2@goo.ne.jp,Male,Drama,California
544,Brade,Le Galle,blegallef3@t-online.de,Male,Drama|Mystery|Western,District of Columbia
545,Sascha,Farnhill,sfarnhillf4@samsung.com,Male,Action|Adventure|Animation,New York
546,Nananne,Demange,ndemangef5@ihg.com,Female,Adventure|Children,California
547,Amil,Bordessa,abordessaf6@biblegateway.com,Female,Adventure|Comedy,California
548,Pepi,Spaunton,pspauntonf7@cisco.com,Female,Documentary,California
549,Gibbie,Brickdale,gbrickdalef8@wsj.com,Male,Animation|Documentary,New York
550,Marshall,McKissack,mmckissackf9@bloomberg.com,Male,(no genres listed),District of Columbia
551,Gonzales,Muffin,gmuffinfa@forbes.com,Male,Crime|Documentary|Drama,Alabama
552,Kathrine,Knapton,kknaptonfb@uiuc.edu,Bigender,Crime|Drama|Film-Noir|Mystery,New York
553,Keely,Bernardez,kbernardezfc@jalbum.net,Polygender,Action|Thriller,California
554,Shelden,Troppmann,stroppmannfd@1688.com,Male,Action|Sci-Fi,Connecticut
555,Joan,Goning,jgoningfe@parallels.com,Female,Drama|Mystery|Thriller,Alabama
556,Othilia,Dursley,odursleyff@stumbleupon.com,Female,Drama,California
557,Federico,Kivlehan,fkivlehanfg@netvibes.com,Male,Documentary|IMAX,New York
558,Akim,Skeene,askeenefh@jalbum.net,Male,Action|Adventure|Fantasy,New York
559,Torrey,Haydney,thaydneyfi@about.me,Male,Drama,California
560,Vinita,Jossum,vjossumfj@nymag.com,Agender,Animation|Children|Drama,California
561,Ruthann,Brymner,rbrymnerfk@discovery.com,Female,Drama,California
562,Carolin,McCrystal,cmccrystalfl@friendfeed.com,Female,Comedy|Crime,California
563,Devin,Muriel,dmurielfm@simplemachines.org,Genderfluid,Drama,District of Columbia
564,Ulysses,Cordaroy,ucordaroyfn@webeden.co.uk,Male,Action|Crime|Thriller,District of Columbia
565,Brennan,Schenfisch,bschenfischfo@shutterfly.com,Male,Documentary,California
566,Maynard,Gianetti,mgianettifp@wordpress.org,Male,Drama|Romance,North Carolina
567,Nady,Spur,nspurfq@parallels.com,Female,Documentary,California
568,Corliss,Tournay,ctournayfr@dailymail.co.uk,Female,Documentary,New York
569,Bronnie,Sherbrooke,bsherbrookefs@narod.ru,Genderfluid,Drama,California
570,Thorpe,Van der Hoeven,tvanderhoevenft@blinklist.com,Male,Documentary,Arkansas
571,Horst,Dearnaley,hdearnaleyfu@dmoz.org,Male,Drama,District of Columbia
572,Mace,Ormond,mormondfv@amazon.de,Male,Drama|Romance,Arkansas
573,Shannan,Sellman,ssellmanfw@typepad.com,Male,Action|Comedy|Sci-Fi,Colorado
574,Guenevere,Le Lievre,glelievrefx@mit.edu,Female,Comedy|Romance,Colorado
575,Morten,Carillo,mcarillofy@spotify.com,Male,Documentary,New York
576,Ola,Feavyour,ofeavyourfz@blinklist.com,Female,Children|Drama,Alabama
577,Fredrick,Gooders,fgoodersg0@umich.edu,Male,Drama|Thriller,California
578,Frazier,Sleaford,fsleafordg1@weebly.com,Male,Drama,New York
579,Tiebout,Henden,thendeng2@newsvine.com,Male,Comedy,Alabama
580,Belita,Hanshaw,bhanshawg3@netlog.com,Female,Comedy|Drama,California
581,Joellyn,Coslett,jcoslettg4@smh.com.au,Genderqueer,Comedy,District of Columbia
582,Claudia,Easun,ceasung5@cmu.edu,Female,Adventure|Western,Colorado
583,Bettina,McAvinchey,bmcavincheyg6@usnews.com,Female,Documentary,New York
584,Jacquelyn,Paule,jpauleg7@pagesperso-orange.fr,Female,Documentary,New York
585,Rutger,Lippitt,rlippittg8@bizjournals.com,Male,Children|Drama,Colorado
586,Monro,Benko,mbenkog9@gmpg.org,Male,Horror|Sci-Fi|Thriller,California
587,Garrick,Studdeard,gstuddeardga@ft.com,Male,Action|Fantasy|Horror|Romance,California
588,Valentin,Enevold,venevoldgb@surveymonkey.com,Male,Comedy|Drama|Fantasy,Colorado
589,Devin,Hudd,dhuddgc@blogtalkradio.com,Female,(no genres listed),New York
590,Carissa,Bromfield,cbromfieldgd@chicagotribune.com,Female,Comedy|Crime|Mystery|Romance|Thriller,California
591,Tildie,Henrique,thenriquege@goodreads.com,Female,Comedy,California
592,Jozef,Beecheno,jbeechenogf@hostgator.com,Male,Horror|Thriller,California
593,Briggs,Seager,bseagergg@mac.com,Male,Horror|Mystery|Romance,New York
594,Cross,Brocklebank,cbrocklebankgh@de.vu,Male,Drama,California
595,Jan,Gibben,jgibbengi@npr.org,Male,Crime|Mystery|Thriller,California
596,Donella,Benko,dbenkogj@posterous.com,Female,Comedy|Romance,California
597,Friedrich,Northcott,fnorthcottgk@statcounter.com,Male,Mystery,New York
598,Cordy,Moxom,cmoxomgl@marketwatch.com,Female,Drama,California
599,Craggy,McPhelimey,cmcphelimeygm@amazon.de,Male,Drama,Connecticut
600,Coleman,Tootal,ctootalgn@scribd.com,Male,Drama,California
601,Lydie,O'Breen,lobreengo@sohu.com,Female,Crime|Drama|Thriller,District of Columbia
602,Nathanael,Boorne,,Male,Comedy|Romance,California
603,Elliott,Witherup,ewitherupgq@altervista.org,Male,Adventure|Children|Drama,North Carolina
604,Georgetta,Besemer,gbesemergr@wordpress.org,Female,Drama,California
605,Valerye,Reame,vreamegs@example.com,Female,Drama,California
606,Levon,Backhurst,lbackhurstgt@bloglines.com,Male,Drama,California
607,Maurice,Coles,mcolesgu@ow.ly,Male,Comedy|Drama,Colorado
608,Carrol,Butlin,cbutlingv@simplemachines.org,Male,Animation,Connecticut
609,Cad,McCullock,cmccullockgw@walmart.com,Male,Action|Thriller,California
610,Herb,Helian,hheliangx@nyu.edu,Male,Fantasy|Musical,District of Columbia
611,Rosetta,D'Alesio,rdalesiogy@typepad.com,Female,Crime|Romance|Thriller,New York
612,Tana,Aloshkin,taloshkingz@redcross.org,Female,Drama|Romance,Colorado
613,Cristionna,Houdmont,choudmonth0@wordpress.org,Female,Adventure,North Carolina
614,Adrianna,Emsley,aemsleyh1@reference.com,Female,Action|Comedy|Crime,California
615,Abdel,Stephen,astephenh2@npr.org,Male,Comedy|Western,Alabama
616,Zaccaria,Breewood,zbreewoodh3@discuz.net,Male,Drama,Colorado
617,Sisile,Stockill,sstockillh4@comcast.net,Female,Comedy,Alabama
618,Cora,Salvadori,csalvadorih5@paypal.com,Female,Western,North Carolina
619,Devy,Ende,dendeh6@latimes.com,Male,Drama,North Carolina
620,Maurizio,Prujean,mprujeanh7@usnews.com,Male,Documentary,California
621,Fleurette,Elsley,felsleyh8@oracle.com,Female,Children|Comedy|Mystery,California
622,Thibaud,Arnall,tarnallh9@hhs.gov,Male,Action|Comedy|Crime,California
623,Sylvan,Roder,sroderha@salon.com,Male,Thriller,New York
624,Rog,Drinkhall,rdrinkhallhb@google.com.au,Male,Comedy,California
625,Etti,Trimming,etrimminghc@goo.ne.jp,Female,Adventure|Drama|Thriller,New York
626,Phillie,Stachini,pstachinihd@patch.com,Female,Adventure|Fantasy,New York
627,Nobe,Durtnal,ndurtnalhe@jiathis.com,Male,Drama|War,New York
628,Poppy,Pointon,ppointonhf@accuweather.com,Female,(no genres listed),Delaware
629,Gauthier,Mitie,gmitiehg@foxnews.com,Male,Documentary,California
630,Lionel,Deely,ldeelyhh@seesaa.net,Male,Action|Sci-Fi,Colorado
631,Honoria,Mattingly,hmattinglyhi@usnews.com,Female,Adventure|Drama|Thriller,California
632,Rea,Houltham,rhoulthamhj@nbcnews.com,Female,Horror,New York
633,Lucine,Lindenblatt,llindenblatthk@europa.eu,Female,Drama|Romance|War,Colorado
634,Billie,Antonat,bantonathl@homestead.com,Female,Sci-Fi,District of Columbia
635,Braden,Marsters,bmarstershm@google.com,Male,Drama,California
636,Celeste,Grassi,cgrassihn@xinhuanet.com,Female,Documentary,District of Columbia
637,Courtney,Plitz,cplitzho@scientificamerican.com,Male,Drama|Romance,California
638,Jolynn,Crayton,jcraytonhp@hubpages.com,Female,Drama,North Carolina
639,Meta,Culham,mculhamhq@google.com.br,Female,Comedy|Drama,District of Columbia
640,Conny,Cadagan,ccadaganhr@tamu.edu,Agender,Comedy|Drama,California
641,Fleming,Whitmore,fwhitmorehs@freewebs.com,Male,Drama,Arkansas
642,Joshia,Coultard,jcoultardht@comsenz.com,Male,Action|Crime,New York
643,Avrom,Livard,alivardhu@amazon.de,Male,Drama|Mystery|Thriller,California
644,Oliviero,Yatman,oyatmanhv@163.com,Male,Drama|Romance,Connecticut
645,Rock,Blackham,rblackhamhw@sohu.com,Male,Documentary,New York
646,Rosalind,Singh,rsinghhx@comcast.net,Female,Drama|Mystery|Thriller,District of Columbia
647,Taryn,Peterkin,tpeterkinhy@creativecommons.org,Female,Drama,California
648,Claire,Notton,cnottonhz@aol.com,Male,Comedy,Arkansas
649,Ladonna,Podd,lpoddi0@reddit.com,Female,Comedy|Romance,Colorado
650,Vincenty,Dey,vdeyi1@4shared.com,Bigender,Adventure|Drama|Horror|Thriller,California
651,Dewie,Renard,drenardi2@163.com,Male,Children|Comedy|Fantasy|Romance,Colorado
652,Johnnie,Morfett,jmorfetti3@odnoklassniki.ru,Male,Comedy|Drama,California
653,Barris,Munford,bmunfordi4@nba.com,Male,Comedy,California
654,Karen,Dinkin,kdinkini5@wp.com,Female,Documentary,California
655,Filberto,Hornbuckle,fhornbucklei6@theglobeandmail.com,Male,Horror,California
656,Davin,Melanaphy,dmelanaphyi7@techcrunch.com,Male,Animation,District of Columbia
657,Jessica,Fantonetti,jfantonettii8@fema.gov,Female,Comedy|Drama,District of Columbia
658,Tally,Gurge,,Female,Comedy|Drama,District of Columbia
659,Chrystal,Pead,cpeadia@icq.com,Female,Comedy,North Carolina
660,Benedikta,Tease,bteaseib@wikispaces.com,Female,Action|Horror|Thriller,New York
661,Correy,Mewhirter,cmewhirteric@seattletimes.com,Female,Animation|Children|Comedy,North Carolina
662,Caritta,Ogle,cogleid@aol.com,Female,Comedy|Mystery|Thriller,California
663,Caleb,Donizeau,cdonizeauie@istockphoto.com,Male,Sci-Fi,North Carolina
664,Jobie,Whelpdale,jwhelpdaleif@instagram.com,Female,Adventure,District of Columbia
665,Agnola,Statton,astattonig@washington.edu,Female,Action|Crime|Drama,District of Columbia
666,Marcellus,Mort,mmortih@businessinsider.com,Male,Drama,New York
667,Abbe,Count,acountii@linkedin.com,Bigender,Action|Comedy,Delaware
668,Amos,Luke,alukeij@amazon.co.jp,Male,Drama,District of Columbia
669,Everard,Girdwood,egirdwoodik@meetup.com,Male,Action|Drama,North Carolina
670,Sorcha,Howlin,showlinil@reddit.com,Female,Comedy|Romance,California
671,Tomlin,Simkiss,tsimkissim@booking.com,Male,Comedy|Crime|Thriller,District of Columbia
672,Augustine,Kinder,akinderin@abc.net.au,Male,Comedy|Crime|Drama,California
673,Matthaeus,Clingoe,mclingoeio@w3.org,Male,Comedy|Crime,New York
674,Samuele,Fincke,sfinckeip@friendfeed.com,Polygender,Drama,California
675,Sherilyn,Stapleton,sstapletoniq@apple.com,Female,Comedy,District of Columbia
676,Morgan,Eam,meamir@narod.ru,Female,Drama|Sci-Fi,California
677,Mabelle,Jancik,mjancikis@hc360.com,Female,Comedy,District of Columbia
678,Graig,Lorente,glorenteit@huffingtonpost.com,Male,Horror,New York
679,Erroll,Ditt,edittiu@dedecms.com,Male,Action|Adventure|Comedy|Fantasy,District of Columbia
680,Maren,Driutti,mdriuttiiv@archive.org,Female,Animation,North Carolina
681,Reinhold,Waggett,rwaggettiw@vinaora.com,Male,Horror,North Carolina
682,Koenraad,Venneur,kvenneurix@cbslocal.com,Male,Fantasy|Romance,New York
683,Torry,Raeside,traesideiy@ted.com,Male,Drama|Sci-Fi,Alabama
684,Lyon,Shreeves,lshreevesiz@soup.io,Male,Comedy|Romance,Alabama
685,Salim,Avarne,savarnej0@purevolume.com,Male,Crime,California
686,Paquito,Spindler,pspindlerj1@yale.edu,Male,Action|Animation|Horror|Thriller,Colorado
687,Adelaida,Colaton,acolatonj2@github.com,Female,Comedy,Connecticut
688,Vin,Najara,vnajaraj3@uol.com.br,Male,Comedy,California
689,Ferrel,Hovard,fhovardj4@xrea.com,Male,Adventure|Animation|Children|Fantasy,District of Columbia
690,Charissa,Gath,cgathj5@nps.gov,Female,Drama|Musical,California
691,Dur,Slowcock,dslowcockj6@google.ru,Male,Drama,Alabama
692,Goran,Condon,,Male,Comedy|Romance,District of Columbia
693,Wilhelmina,Meenan,wmeenanj8@scribd.com,Bigender,Comedy|Drama|Romance,California
694,Caroline,Kipling,ckiplingj9@google.fr,Female,Crime|Drama|Romance|Thriller,North Carolina
695,Farr,Appleby,fapplebyja@microsoft.com,Male,Documentary,New York
696,Kathy,Pigott,kpigottjb@issuu.com,Female,Drama,New York
697,John,Jurewicz,jjurewiczjc@is.gd,Male,Documentary,District of Columbia
698,Kiley,Witch,kwitchjd@stanford.edu,Female,Horror|Sci-Fi|Thriller,California
699,Audra,Spurdon,aspurdonje@i2i.jp,Female,Comedy|Crime|Thriller,California
700,Corbie,Isworth,cisworthjf@privacy.gov.au,Male,Children|Drama,New York
701,Bernadina,Jiranek,bjiranekjg@disqus.com,Female,Action|Adventure|Drama|Thriller|Western,New York
702,Silvana,Godly,sgodlyjh@i2i.jp,Female,Comedy|Drama|Musical|Romance,California
703,Dacy,Robbins,drobbinsji@bigcartel.com,Female,Comedy|Crime|Romance,California
704,Bucky,Simonnot,bsimonnotjj@paginegialle.it,Male,(no genres listed),California
705,Barney,Tollow,btollowjk@cbsnews.com,Male,Adventure|Comedy,California
706,Gilbertine,Boneham,gbonehamjl@sun.com,Genderqueer,Drama|Romance,District of Columbia
707,Natty,Silk,nsilkjm@time.com,Male,Action|Crime|Drama|Thriller,New York
708,Hurley,Bisp,hbispjn@dedecms.com,Male,Action|Adventure|Sci-Fi|IMAX,New York
709,Fanya,Brissard,fbrissardjo@miitbeian.gov.cn,Female,Horror|Mystery|Thriller,Alabama
710,Georgine,Thomason,gthomasonjp@oaic.gov.au,Female,Action|Thriller,New York
711,Xenos,Gratten,xgrattenjq@dmoz.org,Male,Drama|Romance|War,New York
712,Mikol,McPhate,mmcphatejr@businesswire.com,Male,Comedy|Romance,District of Columbia
713,Michal,Duester,mduesterjs@opera.com,Female,Drama,Colorado
714,Elmo,Lerwill,elerwilljt@tmall.com,Male,Comedy,New York
715,Alecia,Gotts,agottsju@dyndns.org,Female,Drama,North Carolina
716,Tyson,Cescon,tcesconjv@unblog.fr,Male,Drama,New York
717,Joni,Swinn,,Female,Thriller,New York
718,Lavina,Jewks,ljewksjx@fema.gov,Female,Drama,North Carolina
719,Freedman,Euler,feulerjy@myspace.com,Male,Action|Drama|War,California
720,Charmaine,Treacy,ctreacyjz@vk.com,Female,Documentary,District of Columbia
721,Farleigh,Ashborne,fashbornek0@youtu.be,Male,Comedy,New York
722,Erek,Gisburn,egisburnk1@tinypic.com,Male,Comedy,Colorado
723,Sheryl,Folli,sfollik2@thetimes.co.uk,Female,Sci-Fi,New York
724,Boonie,Rossborough,brossboroughk3@mac.com,Bigender,Musical|Romance,New York
725,Marybeth,Bidewel,mbidewelk4@abc.net.au,Female,Drama,California
726,Eddie,Domenget,edomengetk5@mlb.com,Male,Crime|Drama|Thriller,District of Columbia
727,Olag,Glastonbury,oglastonburyk6@samsung.com,Male,Action|Sci-Fi,Colorado
728,Darelle,Speechly,dspeechlyk7@github.com,Female,Drama|Romance,North Carolina
729,Redd,Harewood,rharewoodk8@1688.com,Male,Drama,North Carolina
730,Jarrod,O'Cassidy,jocassidyk9@wiley.com,Male,Sci-Fi,Alabama
731,Ellyn,Lambswood,elambswoodka@webeden.co.uk,Female,Drama,Colorado
732,Patrice,Sammes,psammeskb@gmpg.org,Male,Drama|Thriller,California
733,Albrecht,Siemandl,asiemandlkc@paypal.com,Male,Documentary,New York
734,Smitty,Chandler,schandlerkd@vimeo.com,Male,Comedy|Fantasy|Romance,California
735,Kippy,Cluderay,kcluderayke@webeden.co.uk,Female,Comedy|Drama|Musical|Romance,New York
736,Teodorico,Purseglove,tpurseglovekf@cnet.com,Male,Horror|Sci-Fi,North Carolina
737,Reagen,Aslott,raslottkg@themeforest.net,Male,Horror,Colorado
738,Ky,Nendick,knendickkh@scribd.com,Male,Drama|Romance|Thriller,Connecticut
739,Trixie,Sarfass,tsarfasski@berkeley.edu,Female,Comedy|Drama|War,North Carolina
740,Sharyl,Whorf,swhorfkj@jimdo.com,Female,Comedy|Thriller,Colorado
741,Emlen,Caldicott,ecaldicottkk@webs.com,Male,Adventure|Romance|War,California
742,Yalonda,Massard,ymassardkl@bizjournals.com,Female,Drama|Thriller,Alabama
743,Vinni,Waby,vwabykm@spiegel.de,Female,Action|Comedy,Colorado
744,Phillida,Barracks,pbarrackskn@oakley.com,Female,Action|Crime|Drama|Thriller,Colorado
745,Ernesto,Redding,ereddingko@slate.com,Male,Comedy|Crime|Drama|Thriller,California
746,Garreth,Cella,gcellakp@msu.edu,Male,Drama|Romance,Alabama
747,Johanna,Spreckley,jspreckleykq@tripadvisor.com,Genderfluid,Comedy,Alabama
748,Ernestus,Westcott,ewestcottkr@typepad.com,Male,Drama|Romance,California
749,Charin,Hiland,chilandks@macromedia.com,Female,Drama,California
750,Lanita,Cornil,lcornilkt@is.gd,Female,Drama,California
751,Torry,MacCostye,tmaccostyeku@jimdo.com,Genderfluid,Action|Crime|Thriller,California
752,Valery,Limpenny,vlimpennykv@businessinsider.com,Female,Horror|Thriller,North Carolina
753,Donny,Keetch,dkeetchkw@taobao.com,Female,Action|Adventure|Crime|Drama,California
754,Lowrance,Lathleiffure,,Male,Drama,California
755,Massimiliano,Conradsen,,Male,Action|Adventure|Animation|Children|Comedy|Sci-Fi|IMAX,California
756,Archy,Anthony,aanthonykz@yale.edu,Male,Comedy|Crime|Film-Noir|Mystery|Romance|Thriller,Connecticut
757,Portie,Langdon,plangdonl0@addthis.com,Male,Horror,District of Columbia
758,Coralie,Bogey,,Female,Drama,Colorado
759,Petra,Martusewicz,pmartusewiczl2@webmd.com,Female,Horror,Colorado
760,Nicky,Santus,nsantusl3@techcrunch.com,Male,Comedy|Crime|Drama|Sci-Fi|Thriller,District of Columbia
761,Tricia,Tace,ttacel4@google.de,Agender,Comedy|Romance,North Carolina
762,Ange,Child,achildl5@ted.com,Female,Action|Drama|Sci-Fi,New York
763,Domini,Simonsson,dsimonssonl6@addthis.com,Female,Drama,California
764,Frances,Voas,fvoasl7@blogtalkradio.com,Female,Comedy,North Carolina
765,Gonzalo,Tagg,gtaggl8@columbia.edu,Male,Action|Sci-Fi|Thriller,District of Columbia
766,Markos,Cammocke,mcammockel9@tinypic.com,Male,Documentary,New York
767,Omar,Gerding,ogerdingla@seattletimes.com,Male,Drama,Colorado
768,Lynda,Godding,lgoddinglb@slate.com,Female,Comedy|Drama|Romance,California
769,Leanora,Dabney,ldabneylc@mtv.com,Female,Documentary,California
770,Bartel,Chaloner,bchalonerld@msu.edu,Polygender,Crime|Thriller,California
771,Chastity,Stormont,cstormontle@blogs.com,Female,Drama|Romance,California
772,Joice,Espinheira,jespinheiralf@about.me,Female,Drama|Horror|Mystery|Thriller,California
773,Town,Pow,tpowlg@si.edu,Male,Children,California
774,Cherey,Brahams,cbrahamslh@delicious.com,Female,Drama|Horror|Thriller,Alabama
775,Anastassia,Billingsley,abillingsleyli@earthlink.net,Female,Comedy|Drama,Alabama
776,Alvin,Noel,anoellj@yellowpages.com,Male,Horror|Thriller,New York
777,Bernadine,Panchin,bpanchinlk@hubpages.com,Female,Comedy|Horror,New York
778,Renell,Allison,rallisonll@ucoz.ru,Female,Drama|Thriller,New York
779,Anett,Swanborrow,aswanborrowlm@berkeley.edu,Female,Comedy|Drama|Romance,Colorado
780,Bev,Harnwell,bharnwellln@msn.com,Male,Comedy,New York
781,Andonis,Heartfield,aheartfieldlo@blogger.com,Male,Comedy,New York
782,Amalea,Birks,abirkslp@myspace.com,Female,Horror|Sci-Fi|Thriller,North Carolina
783,Cordey,Coton,ccotonlq@illinois.edu,Genderfluid,Comedy,California
784,Laird,Aldus,lalduslr@umn.edu,Male,Adventure|Animation|Children|Comedy,New York
785,Cordie,Tompkinson,ctompkinsonls@eventbrite.com,Male,Crime|Drama|Film-Noir|Romance,North Carolina
786,Minnie,Jockle,mjocklelt@si.edu,Female,Action|Animation|Fantasy|IMAX,California
787,Abbot,Armand,aarmandlu@ow.ly,Male,Drama|Mystery,District of Columbia
788,Cointon,Schaumaker,cschaumakerlv@wp.com,Male,Action|Crime|Western,Colorado
789,Alphard,Kinghorne,akinghornelw@webs.com,Male,Documentary,California
790,Carey,Bartolacci,cbartolaccilx@wiley.com,Male,Horror,California
791,Lucita,Ripping,lrippingly@list-manage.com,Female,Comedy|Drama,New York
792,Allyn,Casaro,acasarolz@independent.co.uk,Male,Documentary,Delaware
793,Carleen,Parsley,cparsleym0@seattletimes.com,Female,Comedy,California
794,Rabi,Kalkofer,rkalkoferm1@ow.ly,Male,Crime|Drama,Connecticut
795,Hi,Margaret,hmargaretm2@usa.gov,Bigender,Drama|War,New York
796,Lefty,Howsden,lhowsdenm3@craigslist.org,Male,Action|Horror|Sci-Fi,California
797,Allison,Faircliff,afaircliffm4@example.com,Female,Comedy,Connecticut
798,Franchot,Pitt,fpittm5@soundcloud.com,Male,Drama|Mystery|Thriller,Alabama
799,Kelci,Wrixon,kwrixonm6@sphinn.com,Female,Comedy,California
800,Gherardo,Derrington,gderringtonm7@washingtonpost.com,Male,Drama,Colorado
801,Brandi,Fonso,bfonsom8@topsy.com,Female,Comedy|Sci-Fi,California
802,Martha,Selwood,mselwoodm9@boston.com,Female,Comedy,California
803,Donia,Coppins,dcoppinsma@archive.org,Female,Crime|Drama|Thriller,Colorado
804,Collete,De Angelo,cdeangelomb@prnewswire.com,Female,Drama,North Carolina
805,Shantee,Moyne,smoynemc@independent.co.uk,Female,Comedy,California
806,Gaby,Pickworth,gpickworthmd@spotify.com,Male,Drama,District of Columbia
807,Nappy,Rowley,nrowleyme@vinaora.com,Male,Drama|Romance,California
808,Robbert,Dobson,rdobsonmf@google.com.au,Male,Drama,California
809,Helge,Braunter,hbrauntermg@nature.com,Female,Crime|Drama,California
810,Waite,Sarfatti,wsarfattimh@themeforest.net,Male,Comedy|Fantasy|Romance,New York
811,Corabel,Kilbride,ckilbridemi@cnbc.com,Female,Action|Drama,California
812,Godfry,Steeden,gsteedenmj@usgs.gov,Male,Drama,New York
813,Webb,Turbitt,wturbittmk@omniture.com,Male,Drama|Romance,California
814,Quinlan,Rate,qrateml@so-net.ne.jp,Male,Comedy,New York
815,Bria,Buchanan,bbuchananmm@princeton.edu,Polygender,Drama,California
816,Hermann,Mellmoth,hmellmothmn@upenn.edu,Male,Documentary,Arkansas
817,Ardene,Vasilik,avasilikmo@sohu.com,Female,Documentary,New York
818,Glennie,Liddicoat,gliddicoatmp@cisco.com,Female,Drama,California
819,Jakie,Hartwell,jhartwellmq@xing.com,Male,Comedy|Drama,New York
820,Hatty,Harron,hharronmr@bbc.co.uk,Female,Crime|Drama|Thriller,California
821,Amye,Bentley,abentleyms@tumblr.com,Female,Fantasy|Mystery|Romance|Thriller,California
822,Clemmy,Hustler,chustlermt@deviantart.com,Female,Drama,California
823,D'arcy,Hymers,dhymersmu@irs.gov,Male,Action|Adventure|Comedy,New York
824,Berna,Antonellini,bantonellinimv@geocities.jp,Female,Drama|Romance,District of Columbia
825,Philomena,Quilter,pquiltermw@mlb.com,Female,Horror,California
826,Darcy,Scrowston,dscrowstonmx@abc.net.au,Female,Comedy|Fantasy|Sci-Fi,Connecticut
827,Caleb,Andrichuk,candrichukmy@cmu.edu,Male,Comedy|Musical,California
828,Leelah,Giacometti,lgiacomettimz@princeton.edu,Female,Crime|Drama|Mystery|Thriller,Arkansas
829,Tatiana,Forsdyke,tforsdyken0@theglobeandmail.com,Agender,Action|Mystery|Sci-Fi,California
830,Berenice,Samwyse,bsamwysen1@va.gov,Bigender,Comedy|Drama|Romance,California
831,Jonah,Ruspine,jruspinen2@nasa.gov,Male,Documentary,District of Columbia
832,Pietro,Normant,pnormantn3@meetup.com,Male,Drama,Colorado
833,Stephan,Minkin,sminkinn4@opera.com,Male,Drama,Alabama
834,Reynard,Kermitt,rkermittn5@amazon.de,Male,Action|Adventure|Drama,California
835,Avery,Craythorn,acraythornn6@guardian.co.uk,Male,Drama,Alabama
836,Rivkah,Crook,rcrookn7@ucoz.ru,Female,Action|Drama,District of Columbia
837,Dacie,Sangwine,dsangwinen8@admin.ch,Genderqueer,Comedy|Drama|Fantasy|Romance,California
838,Poppy,Cabrera,pcabreran9@whitehouse.gov,Female,Drama,California
839,Ginger,Pettinger,gpettingerna@plala.or.jp,Male,Action,District of Columbia
840,Clara,Collocott,ccollocottnb@xrea.com,Female,Drama,North Carolina
841,Pietrek,Gertz,pgertznc@ycombinator.com,Male,Documentary,California
842,Cybill,Digance,cdigancend@yandex.ru,Female,Documentary,California
843,Dell,Kohler,dkohlerne@themeforest.net,Female,Children|Comedy,Colorado
844,Davy,John,djohnnf@diigo.com,Male,Comedy|Drama,District of Columbia
845,Cristy,Clint,cclintng@ehow.com,Female,Sci-Fi,California
846,Carmela,Farn,cfarnnh@huffingtonpost.com,Female,Action|Adventure|Sci-Fi,California
847,Bernadina,Dingwall,bdingwallni@geocities.com,Genderfluid,Romance|Western,California
848,Winnifred,Truwert,wtruwertnj@aboutads.info,Female,Action,California
849,Diego,Gobel,dgobelnk@weibo.com,Male,Action|Adventure|Drama,Alabama
850,Emma,Reiach,ereiachnl@cisco.com,Female,Drama,California
851,Tabatha,Ogan,togannm@wunderground.com,Female,Comedy|Drama|Romance,California
852,Franciska,Bridat,fbridatnn@csmonitor.com,Female,Drama,Colorado
853,Sollie,Pignon,spignonno@posterous.com,Male,Adventure|Animation|Fantasy|IMAX,California
854,Wiatt,Rylands,wrylandsnp@netscape.com,Male,Drama,California
855,Fifi,Wymer,fwymernq@wiley.com,Female,(no genres listed),Alabama
856,Arman,Snowling,asnowlingnr@histats.com,Male,Western,District of Columbia
857,Keslie,Orme,kormens@webnode.com,Female,Comedy|Romance,California
858,Olag,Mabbott,omabbottnt@sciencedaily.com,Male,Documentary,California
859,Kasey,Lutty,kluttynu@pen.io,Female,Documentary,Delaware
860,Jeffie,MacCurlye,jmaccurlyenv@businessinsider.com,Male,Comedy,New York
861,Leila,Laxon,llaxonnw@youtube.com,Female,Comedy|Drama,New York
862,Ammamaria,Jentin,ajentinnx@imgur.com,Female,Adventure|Horror|Thriller,District of Columbia
863,Jerrold,Joblin,jjoblinny@printfriendly.com,Male,Horror|Thriller,California
864,Taddeusz,Orae,toraenz@usda.gov,Male,Action|Comedy|Sci-Fi,California
865,Horatia,Bromby,hbrombyo0@google.ru,Female,Comedy|Drama,North Carolina
866,Sterne,Dorset,sdorseto1@cyberchimps.com,Male,Drama,New York
867,Saunders,Chape,schapeo2@istockphoto.com,Male,Animation,California
868,Brett,De Marchi,bdemarchio3@abc.net.au,Male,Drama,New York
869,Wilburt,Kinnoch,wkinnocho4@163.com,Male,Animation|Fantasy,California
870,Sheilakathryn,Lillecrap,slillecrapo5@delicious.com,Female,Comedy|Drama,California
871,Amara,Limpricht,alimprichto6@sun.com,Female,Thriller,New York
872,Estella,Hanbury-Brown,ehanburybrowno7@state.tx.us,Female,Comedy|Drama,California
873,Foster,Cockson,fcocksono8@boston.com,Male,Comedy,Colorado
874,Lanie,Tacon,ltacono9@thetimes.co.uk,Female,Crime|Drama,New York
875,Sam,Lillistone,slillistoneoa@mail.ru,Male,Comedy|Drama|Romance,District of Columbia
876,Cordi,Wallworth,cwallworthob@examiner.com,Female,Drama|War,New York
877,Marice,Shankland,mshanklandoc@creativecommons.org,Female,Horror|Sci-Fi|Thriller,District of Columbia
878,Hube,Renard,hrenardod@alibaba.com,Polygender,Horror|Thriller,New York
879,Dewain,Biaggetti,dbiaggettioe@loc.gov,Male,Horror|Thriller,California
880,Reiko,Hattigan,rhattiganof@soundcloud.com,Female,Comedy,Arkansas
881,Sigvard,Ruddom,sruddomog@census.gov,Male,Action|Adventure|Comedy|Crime,Colorado
882,Mab,Thelwll,mthelwlloh@jigsy.com,Female,Horror,California
883,Francisca,Firk,ffirkoi@trellian.com,Female,Documentary,California
884,Stacy,Davitashvili,sdavitashvilioj@eventbrite.com,Female,Drama|Romance,California
885,Ferrel,Ragot,fragotok@miitbeian.gov.cn,Male,Comedy|Crime,New York
886,Rodd,Kesteven,rkestevenol@nba.com,Male,Documentary,New York
887,Itch,Chesnut,ichesnutom@weather.com,Bigender,Adventure|Sci-Fi,North Carolina
888,Dinah,Minchella,dminchellaon@redcross.org,Female,Action|Crime|Thriller,Alabama
889,Steve,Sissons,ssissonsoo@com.com,Male,Drama,Colorado
890,Tony,Iskow,tiskowop@google.de,Male,Drama|Romance|Thriller,New York
891,Mellisent,McGreary,mmcgrearyoq@sbwire.com,Female,Documentary,Alabama
892,Carmina,Oxx,coxxor@ox.ac.uk,Female,Adventure,New York
893,Clayson,Baroux,cbarouxos@buzzfeed.com,Male,Documentary,Colorado
894,Kissie,Lanfare,,Agender,Comedy|Drama|Romance,Alabama
895,Abigail,Floyed,afloyedou@cyberchimps.com,Polygender,Comedy|Drama,New York
896,Missie,Tureville,mturevilleov@smugmug.com,Female,Action|Thriller,California
897,Berny,Kearns,bkearnsow@mashable.com,Agender,Documentary,California
898,Carol,Cork,ccorkox@intel.com,Non-binary,Crime|Romance,California
899,Francesca,Harriagn,fharriagnoy@paginegialle.it,Female,Drama|Romance,New York
900,Dagny,Vail,dvailoz@stanford.edu,Male,Adventure|Drama,California
901,Nettle,Hargreaves,nhargreavesp0@oakley.com,Female,Action|Adventure|Animation,California
902,Deanne,Starkey,dstarkeyp1@archive.org,Female,Drama|Romance,North Carolina
903,Trevar,O'Gavin,togavinp2@sciencedirect.com,Male,Documentary,District of Columbia
904,Thorin,McDougle,tmcdouglep3@google.pl,Male,Adventure|Drama|Sci-Fi,California
905,Pattie,Raffan,praffanp4@time.com,Male,Comedy,Alabama
906,Neils,Lippiett,nlippiettp5@economist.com,Male,Drama,Colorado
907,Kele,Baise,kbaisep6@eepurl.com,Male,Documentary,California
908,Cora,Cordobes,ccordobesp7@paginegialle.it,Female,Crime|Drama|Film-Noir,Colorado
909,Eldredge,Guyers,eguyersp8@hubpages.com,Male,Comedy|Drama|Romance,California
910,Suzie,Soames,ssoamesp9@princeton.edu,Female,Comedy,California
911,Rahel,Camilleri,rcamilleripa@bloglovin.com,Female,Drama,California
912,Nickolai,Craighall,ncraighallpb@last.fm,Male,Drama,New York
913,Marwin,Grieger,mgriegerpc@salon.com,Male,Comedy|Drama,New York
914,Claudian,Punshon,cpunshonpd@abc.net.au,Male,Crime|Drama|Thriller,California
915,Bernie,Kauscher,bkauscherpe@washingtonpost.com,Female,Crime|Drama|Thriller,New York
916,Lief,Guilder,lguilderpf@miitbeian.gov.cn,Non-binary,Comedy,Colorado
917,Giles,Boyington,gboyingtonpg@home.pl,Male,Drama|Sci-Fi,California
918,Garnette,Innott,ginnottph@blinklist.com,Female,Comedy,New York
919,Eldredge,Drinkwater,edrinkwaterpi@artisteer.com,Male,Documentary,Connecticut
920,Rianon,Szachniewicz,rszachniewiczpj@networkadvertising.org,Female,Drama,California
921,Haleigh,Lube,hlubepk@unicef.org,Female,Comedy,Colorado
922,Debee,Salters,dsalterspl@deviantart.com,Female,Drama,Colorado
923,Genovera,Gostall,,Female,Action|Drama,Connecticut
924,Tabbie,Joysey,tjoyseypn@tuttocitta.it,Female,Comedy,Colorado
925,Nelli,Boast,nboastpo@telegraph.co.uk,Female,Drama,New York
926,Elsi,Norres,enorrespp@sina.com.cn,Female,Action|Comedy|Western,Arkansas
927,Budd,Goodwill,bgoodwillpq@webeden.co.uk,Male,Action|Adventure|Sci-Fi,New York
928,Debora,Dachs,ddachspr@ca.gov,Female,Action|Crime|Drama,California
929,Dione,Gaucher,dgaucherps@epa.gov,Female,Drama|Sci-Fi|Thriller,New York
930,Che,Kinker,ckinkerpt@businessweek.com,Genderfluid,Comedy,California
931,Lia,Gookey,lgookeypu@tuttocitta.it,Female,Children|Drama,North Carolina
932,Eleen,McCue,emccuepv@ning.com,Female,Comedy,California
933,May,Polly,mpollypw@kickstarter.com,Female,Comedy|Horror|Sci-Fi,Colorado
934,Agnese,Wattins,awattinspx@tiny.cc,Female,Horror,North Carolina
935,Adelind,Laver,alaverpy@vistaprint.com,Female,Documentary,New York
936,Alyse,Mateja,amatejapz@economist.com,Female,Drama|Horror|Thriller,California
937,Oren,Oldman,ooldmanq0@altervista.org,Male,Crime|Drama|Thriller,California
938,Demetris,Elner,delnerq1@howstuffworks.com,Female,Comedy,District of Columbia
939,Tiler,Fantini,tfantiniq2@bluehost.com,Male,Drama,California
940,Ogdan,Jeffreys,ojeffreysq3@biglobe.ne.jp,Male,Crime|Drama,California
941,Ansel,Domleo,adomleoq4@addthis.com,Male,Horror|Musical,New York
942,Sherye,Charlotte,scharlotteq5@pinterest.com,Female,Drama|Romance,California
943,Hildy,Pellington,hpellingtonq6@google.com.br,Female,Action|Adventure,Connecticut
944,Hildegarde,Rennard,hrennardq7@moonfruit.com,Female,Drama|War,North Carolina
945,Guthry,O'Concannon,goconcannonq8@usgs.gov,Polygender,Comedy|Romance,California
946,Randell,Dessant,rdessantq9@hostgator.com,Male,Drama|Romance,California
947,Sabine,Burnhard,sburnhardqa@sohu.com,Female,Drama,California
948,Eugine,Laity,elaityqb@wikia.com,Female,Drama,California
949,Barnard,Deller,bdellerqc@myspace.com,Male,Drama,Colorado
950,Afton,Clymer,aclymerqd@upenn.edu,Female,Action|Crime|Drama|Thriller,Alabama
951,Valentina,Farrey,vfarreyqe@instagram.com,Bigender,Crime|Drama|Romance,North Carolina
952,Shaylynn,Pennino,spenninoqf@utexas.edu,Female,Drama,Colorado
953,Concordia,Dinnies,cdinniesqg@mayoclinic.com,Female,Comedy|Horror,California
954,Romola,Sawnwy,rsawnwyqh@webmd.com,Female,Comedy,New York
955,Ginny,Benns,gbennsqi@clickbank.net,Agender,Documentary,California
956,Murdock,Lackeye,mlackeyeqj@cocolog-nifty.com,Male,Drama|Romance,Connecticut
957,Wanids,Nancarrow,wnancarrowqk@baidu.com,Female,Crime|Drama|Thriller,District of Columbia
958,Miguelita,Edgehill,medgehillql@cbsnews.com,Female,Crime|Drama|Thriller,New York
959,Isak,Haylock,ihaylockqm@baidu.com,Male,Drama,California
960,Reina,Kleinstein,rkleinsteinqn@sciencedirect.com,Female,Drama|War,California
961,Karim,Berston,kberstonqo@baidu.com,Male,Drama,Arkansas
962,Peyter,Merlin,pmerlinqp@slate.com,Male,Thriller,Alabama
963,Kathryne,Normavell,knormavellqq@imageshack.us,Female,Action|Horror|Sci-Fi,Colorado
964,Woodman,Sibbet,wsibbetqr@vimeo.com,Male,Action|Thriller,District of Columbia
965,Chickie,Kender,ckenderqs@paypal.com,Female,Comedy|Drama,New York
966,Erskine,Vigurs,evigursqt@tripadvisor.com,Male,Documentary,Alabama
967,Stephenie,Pfeifer,spfeiferqu@goo.gl,Female,Drama|Romance,New York
968,Lil,Copper,lcopperqv@gizmodo.com,Female,Documentary,Alabama
969,Rhodie,Graveney,rgraveneyqw@typepad.com,Female,Comedy|Romance,Arkansas
970,Valentine,Delgua,vdelguaqx@ehow.com,Female,Drama,North Carolina
971,Rance,Hodgen,rhodgenqy@fotki.com,Bigender,Drama|Romance,Alabama
972,Evanne,Rush,erushqz@ebay.co.uk,Female,Action|Sci-Fi|War,New York
973,Milo,Duxbarry,mduxbarryr0@google.de,Male,Comedy,District of Columbia
974,Harv,Crichton,hcrichtonr1@sbwire.com,Male,Drama|Romance,Delaware
975,Lucius,Ellsworthe,lellsworther2@go.com,Male,Action|Adventure|Drama|Romance|War,District of Columbia
976,Mikaela,Huntall,mhuntallr3@seattletimes.com,Non-binary,Comedy|Musical,Arkansas
977,Tadeas,Leathart,tleathartr4@tiny.cc,Male,Documentary,California
978,Glynda,Andres,gandresr5@huffingtonpost.com,Female,Comedy|Musical|Romance,New York
979,Warner,Merrien,wmerrienr6@slideshare.net,Male,Drama,California
980,Cathrine,Massingham,cmassinghamr7@unblog.fr,Female,Comedy,Colorado
981,Alvira,Duran,aduranr8@skype.com,Female,Documentary|Drama,North Carolina
982,Filberte,Antognetti,fantognettir9@newyorker.com,Male,Animation|Children|Drama,District of Columbia
983,Maurie,Edgecumbe,medgecumbera@storify.com,Male,Comedy,North Carolina
984,Sigfried,Timpany,stimpanyrb@icq.com,Male,Comedy,California
985,Cordy,Facey,cfaceyrc@bloomberg.com,Male,Action|Animation|Comedy|Crime|Drama|Mystery|Romance|Thriller,North Carolina
986,Kelila,Asbrey,kasbreyrd@cornell.edu,Female,Comedy|Fantasy,Colorado
987,Natasha,Kristoffersen,nkristoffersenre@gravatar.com,Female,Comedy,Connecticut
988,Gordan,Audley,gaudleyrf@flavors.me,Male,Drama,Colorado
989,Dene,Dibden,ddibdenrg@cpanel.net,Male,Drama|Fantasy|War,District of Columbia
990,Wyn,Widdison,wwiddisonrh@admin.ch,Male,Documentary,California
991,Clare,Ibbitt,cibbittri@hatena.ne.jp,Bigender,Comedy|Drama,Colorado
992,Merilee,Wratten,mwrattenrj@amazon.co.uk,Agender,Crime|Thriller,California
993,Anissa,Caukill,acaukillrk@fotki.com,Female,Crime|Drama,Colorado
994,Granthem,Jakovijevic,gjakovijevicrl@soup.io,Male,Comedy|Romance,New York
995,Wernher,Rooson,wroosonrm@home.pl,Non-binary,Drama,California
996,Lyndsie,Lytle,llytlern@mtv.com,Female,Adventure|Comedy|Fantasy,California
997,Evelin,Lightwood,elightwoodro@creativecommons.org,Male,Crime|Drama|Romance,California
998,Paten,Antognetti,pantognettirp@fema.gov,Male,Comedy|Musical|Romance,California
999,Derrik,Adolfson,dadolfsonrq@google.co.jp,Male,Mystery,District of Columbia
1000,Mavra,Sineath,msineathrr@parallels.com,Female,Crime|Thriller,New York
